Media,Release Year,Director name,Is the director asian?,Character Name,Actor,Ethnicity Specified in Movie?,Character Ethnicity,Character Ethnicity (Cleaned),Character Nationality,Actor Ethnicity,Actor Ethnicity (Cleaned),Actor Nationality,Background Match?
47 RONIN,2013,Carl Eric Rinsch,N,Kai,Keanu Reeves,Y,"Japanese, White",Multiethnic,,"Chinese, Native Hawaiian, White",Multiethnic,,N
A HOLOGRAM FOR THE KING,2016,Tom Tykwer,N,Yousef,Omar Elba,Y,Saudi Arabian,Saudi Arabian,Saudi Arabian,Egyptian,Egyptian,American,N
A HOLOGRAM FOR THE KING,2016,Tom Tykwer,N,Zahra,Sarita Choudhury,Y,Saudi Arabian,Saudi Arabian,Saudi Arabian,"Bengali, White",Multiethnic,British,N
AMERICAN DREAMZ,2006,Paul Weitz,N,Iqbal Riza,Winter Jones (Tony Yalda),Y,Iraqi,Iraqi,,Assyrian,Assyrian,American,N
CRAZY RICH ASIANS,2018,Jon M. Chu,Y,Goh Wye Mun,Ken Jeong,Y,Chinese,Chinese,Singaporean,Korean,Korean,American,N
CRAZY RICH ASIANS,2018,Jon M. Chu,Y,Nick Young,Henry Golding,Y,Chinese,Chinese,Singaporean,"Malaysian, White",Multiethnic,British,N
ETERNALS,2021,Chloé Zhao,Y,Kingo,Kumail Nanjiani,Y,Indian,Indian,,Pakistani,Pakistani,,N
KILL BILL: VOL. 1,2003,Quentin Tarantino,N,O-Ren Ishii,Lucy Liu,Y,Japanese,Japanese,,Chinese,Chinese,,N
KILL BILL: VOL. 2,2004,Quentin Tarantino,N,Johnny Mo,Chia-Hui Liu,Y,Japanese,Japanese,,Chinese,Chinese,,N
KILL BILL: VOL. 2,2004,Quentin Tarantino,N,O-Ren Ishii,Lucy Liu,Y,Japanese,Japanese,,Chinese,Chinese,,N
MEMOIRS OF A GEISHA,2005,Rob Marshall,N,Hatsumomo,Gong Li,Y,Japanese,Japanese,,Chinese,Chinese,,N
MEMOIRS OF A GEISHA,2005,Rob Marshall,N,Mameha,Michelle Yeoh,Y,Japanese,Japanese,,Chinese,Chinese,,N
MEMOIRS OF A GEISHA,2005,Rob Marshall,N,Sayuri,Ziyi Zhang,Y,Japanese,Japanese,,Chinese,Chinese,,N
MISSING IN ACTION,1984,Joseph Zito,N,General Tran,James Hong,Y,Vietnamese,Vietnamese,Vietnamese,Chinese,Chinese,American,N
MORTAL KOMBAT,2021,Simon McQuoid,N,Sub-Zero,Joe Taslim,Y,Japanese,Japanese,,Indonesian,Indonesian,,N
SEVEN YEARS IN TIBET,1997,Jean-Jacques Annaud,N,Dalai Lama,Jamyang Jamtsho Wangchuk,Y,Tibetan,Tibetan,,Bhutanese,Bhutanese,,N
SEVEN YEARS IN TIBET,1997,Jean-Jacques Annaud,N,Great Mother,Jetsun Pema,Y,Tibetan,Tibetan,,Bhutanese,Bhutanese,,N
SEVEN YEARS IN TIBET,1997,Jean-Jacques Annaud,N,Kungo Tsarong,Mako,Y,Tibetan,Tibetan,,Japanese,Japanese,,N
SEVEN YEARS IN TIBET,1997,Jean-Jacques Annaud,N,Ngawang Jigme,BD Wong,Y,Tibetan,Tibetan,,Chinese,Chinese,,N
THE BIG SICK,2017,Michael Showalter,N,Azmat,Anupam Kher,Y,Pakistani,Pakistani,,Indian,Indian,,N
THE BIG SICK,2017,Michael Showalter,N,Sharmeen,Zenobia Shroff,Y,Pakistani,Pakistani,,Indian,Indian,,N
THE GRANDMASTER,2013,Kar Wai Wong,Y,Zhang Yongcheng,Hye-kyo Song,Y,Chinese,Chinese,Chinese,Korean,Korean,Korean,N
THE MAN WITH THE IRON FISTS,2012,RZA,N,Bronze Lion,Cung Le,Y,Chinese,Chinese,Chinese,Vietnamese,Vietnamese,American,N
THE MAN WITH THE IRON FISTS,2012,RZA,N,Lady Silk,Jamie Chung,Y,Chinese,Chinese,Chinese,Korean,Korean,American,N
THE MAN WITH THE IRON FISTS,2012,RZA,N,X-Blade,Rick Yune,Y,Chinese,Chinese,Chinese,Korean,Korean,American,N
THE WOLVERINE,2013,James Mangold,N,Harada,Will Yun Lee,Y,Japanese,Japanese,,Korean,Korean,,N
AMERICAN DREAMZ,2006,Paul Weitz,N,Omer Obeidi,Sam Golzari,Y,Iraqi,Iraqi,,Iranian,Iranian,British,N
2046,2005,Kar Wai Wong,Y,Bai Ling,Ziyi Zhang,Y,Chinese,Chinese,Chinese,Chinese,Chinese,Chinese,Y
2046,2005,Kar Wai Wong,Y,Chow Mo-wan,Tony Chiu Wai Leung,Y,Chinese,Chinese,Chinese,Chinese,Chinese,Chinese,Y
2046,2005,Kar Wai Wong,Y,Lulu,Carina Lau,Y,Chinese,Chinese,Chinese,Chinese,Chinese,Chinese,Y
2046,2005,Kar Wai Wong,Y,Mimi's Boyfriend,Chang Chen,Y,Chinese,Chinese,Chinese,Chinese,Chinese,Taiwanese,Y
2046,2005,Kar Wai Wong,Y,Su Li-zhen,Gong Li,Y,Chinese,Chinese,Chinese,Chinese,Chinese,Chinese,Y
2046,2005,Kar Wai Wong,Y,Su Li-zhen,Maggie Cheung,Y,Chinese,Chinese,Chinese,Chinese,Chinese,British,Y
2046,2005,Kar Wai Wong,Y,Tak,Takuya Kimura,Y,Japanese,Japanese,Japanese,Japanese,Japanese,Japanese,Y
2046,2005,Kar Wai Wong,Y,Wang Jing-wen,Faye Wong,Y,Chinese,Chinese,Chinese,Chinese,Chinese,Chinese,Y
47 RONIN,2013,Carl Eric Rinsch,N,Lady Mizuki,Rinko Kikuchi,Y,Japanese,Japanese,,Japanese,Japanese,,Y
47 RONIN,2013,Carl Eric Rinsch,N,Lord Kira,Tadanobu Asano,Y,Japanese,Japanese,,Japanese,Japanese,,Y
47 RONIN,2013,Carl Eric Rinsch,N,Mika,Ko Shibasaki,Y,Japanese,Japanese,,Japanese,Japanese,,Y
47 RONIN,2013,Carl Eric Rinsch,N,Oishi,Hiroyuki Sanada,Y,Japanese,Japanese,,Japanese,Japanese,,Y
AROUND THE WORLD IN 80 DAYS,2004,Frank Coraci,N,Lau Xing,Jackie Chan,Y,Chinese,Chinese,Chinese,Chinese,Chinese,American,Y
BEND IT LIKE BECKHAM,2003,Gurinder Chadha,Y,Jess' Bhamra,Archie Panjabi,Y,Indian,Indian,,Indian,Indian,UK,Y
BEND IT LIKE BECKHAM,2003,Gurinder Chadha,Y,Mr. Bhamra,Anupam Kher,Y,Indian,Indian,,Indian,Indian,,Y
BEND IT LIKE BECKHAM,2003,Gurinder Chadha,Y,Pinky Bhamra,Parminder Nagra,Y,Indian,Indian,,Indian,Indian,,Y
BULLET TRAIN,2022,David Leitch,N,Elder,Hiroyuki Sanada,Y,Japanese,Japanese,,Japanese,Japanese,,Y
BULLET TRAIN,2022,David Leitch,N,Kimura,Andrew Koji,Y,Japanese,Japanese,,"Japanese, White",Multiethnic,,Y
CRAZY RICH ASIANS,2018,Jon M. Chu,Y,Ah Ma,Lisa Lu,Y,Chinese,Chinese,Singaporean,Chinese,Chinese,American,Y
CRAZY RICH ASIANS,2018,Jon M. Chu,Y,Astrid Young Teo,Gemma Chan,Y,Chinese,Chinese,Singaporean,Chinese,Chinese,British,Y
CRAZY RICH ASIANS,2018,Jon M. Chu,Y,Eleanor Young,Michelle Yeoh,Y,Chinese,Chinese,Singaporean,Chinese,Chinese,Malaysian,Y
CRAZY RICH ASIANS,2018,Jon M. Chu,Y,Peik Lin Goh,Awkwafina,Y,Chinese,Chinese,Singaporean,"Chinese, Korean",Multiethnic,American,Y
CRAZY RICH ASIANS,2018,Jon M. Chu,Y,Rachel Chu,Constance Wu,Y,Chinese,Chinese,American,Chinese,Chinese,American,Y
"CROUCHING TIGER, HIDDEN DRAGON",2000,Ang Lee,Y,Jen Yu,Ziyi Zhang,Y,Chinese,Chinese,,Chinese,Chinese,,Y
"CROUCHING TIGER, HIDDEN DRAGON",2000,Ang Lee,Y,Lo Dark Cloud,Chang Chen,Y,Chinese,Chinese,,Chinese,Chinese,,Y
"CROUCHING TIGER, HIDDEN DRAGON",2000,Ang Lee,Y,Master Li Mu Bai,Chow Yun-Fat,Y,Chinese,Chinese,,Chinese,Chinese,,Y
"CROUCHING TIGER, HIDDEN DRAGON",2000,Ang Lee,Y,Yu Shu Lien,Michelle Yeoh,Y,Chinese,Chinese,,Chinese,Chinese,,Y
DOWNSIZING,2017,Alexander Payne,N,Ngoc Lan Tran,Hong Chau,Y,Vietnamese,Vietnamese,Vietnamese,Vietnamese,Vietnamese,Thailand/American,Y
EASTER SUNDAY,2022,Jay Chandrasekhar,Y,Eugene,Eugene Cordero,Y,Filipino,Filipino,American,Filipino,Filipino,American,Y
EASTER SUNDAY,2022,Jay Chandrasekhar,Y,Joe Valencia,Jo Koy,Y,Filipino,Filipino,American,"Filipino, White",Multiethnic,American,Y
EASTER SUNDAY,2022,Jay Chandrasekhar,Y,Junior,Brandon Wardell,Y,Filipino,Filipino,American,"Filipino, Hispanic",Multiethnic,American,Y
EASTER SUNDAY,2022,Jay Chandrasekhar,Y,Tita Theresa,Tia Carrere,Y,Filipino,Filipino,American,"Chinese, Filipino, Spanish",Multiethnic,American,Y
ETERNALS,2021,Chloé Zhao,Y,Karun,Harish Patel,Y,Indian,Indian,,Indian,Indian,,Y
EVERYTHING EVERYWHERE ALL AT ONCE,2022,"Daniel Kwan, Daniel Scheinert",Y,Evelyn Wang,Michelle Yeoh,Y,Chinese,Chinese,American,Chinese,Chinese,Malaysian,Y
EVERYTHING EVERYWHERE ALL AT ONCE,2022,"Daniel Kwan, Daniel Scheinert",Y,Gong Gong,James Hong,Y,Chinese,Chinese,American,Chinese,Chinese,American,Y
EVERYTHING EVERYWHERE ALL AT ONCE,2022,"Daniel Kwan, Daniel Scheinert",Y,Joy Wang,Stephanie Hsu,Y,Chinese,Chinese,American,Chinese,Chinese,American,Y
EVERYTHING EVERYWHERE ALL AT ONCE,2022,"Daniel Kwan, Daniel Scheinert",Y,Waymond Wang,Ke Huy Quan,Y,Chinese,Chinese,American,Chinese,Chinese,American,Y
GANDHI,1982,Richard Attenborough,N,Mahatma Gandhi,Ben Kingsley,Y,Indian,Indian,,"Indian, White",Multiethnic,,Y
HOTEL MUMBAI,2019,Anthony Maras,N,Arjun,Dev Patel,Y,Indian,Indian,Indian,Indian,Indian,American,Y
HOTEL MUMBAI,2019,Anthony Maras,N,Hemant Oberoi,Anupam Kher,Y,Indian,Indian,Indian,Indian,Indian,Indian,Y
HOTEL MUMBAI,2019,Anthony Maras,N,Zahra,Nazanin Boniadi,Y,Iranian,Iranian,British,Iranian,Iranian,Iranian,Y
HOUSE OF FLYING DAGGERS,2004,Yimou Zhang,Y,Jin,Takeshi Kaneshiro,Y,Chinese,Chinese,Chinese,"Chinese, Japanese",Multiethnic,Taiwan,Y
HOUSE OF FLYING DAGGERS,2004,Yimou Zhang,Y,Leo,Andy Lau,Y,Chinese,Chinese,Chinese,Chinese,Chinese,Chinese,Y
HOUSE OF FLYING DAGGERS,2004,Yimou Zhang,Y,Xiao Mei,Ziyi Zhang,Y,Chinese,Chinese,Chinese,Chinese,Chinese,Chinese,Y
INDIANA JONES AND THE TEMPLE OF DOOM,1984,Steven Spielberg,N,Chattar Lal,Roshan Seth,Y,Indian,Indian,,"Indian, White",Multiethnic,,Y
INDIANA JONES AND THE TEMPLE OF DOOM,1984,Steven Spielberg,N,Mola Ram,Amrish Puri,Y,Indian,Indian,,Indian,Indian,,Y
INDIANA JONES AND THE TEMPLE OF DOOM,1984,Steven Spielberg,N,Short Round,Ke Huy Quan,Y,Chinese,Chinese,,Chinese,Chinese,,Y
IRON MONKEY,2001,Woo Ping Yuen,Y,Wong Kei-Ying,Donnie Yen,Y,Chinese,Chinese,,Chinese,Chinese,Chinese,Y
JACKIE CHAN'S FIRST STRIKE,1997,Stanley Tong,Y,Chan Ka Kui,Jackie Chan,Y,Chinese,Chinese,Chinese,Chinese,Chinese,American,Y
JOHNNY MNEMONIC,1995,Robert Longo,N,Takahashi,Takeshi Kitano,Y,Japanese,Japanese,Japanese,Japanese,Japanese,Japanese,Y
Joy Ride,2023,Adele Lim,Y,Audrey,Ashley Park III,Y,Korean,Korean,American,Korean,Korean,,Y
Joy Ride,2023,Adele Lim,Y,Deadeye,Sabrina Wu,Y,Chinese,Chinese,American,Chinese,Chinese,,Y
Joy Ride,2023,Adele Lim,Y,Kat,Stephanie Hsu,Y,Chinese,Chinese,American,Chinese,Chinese,,Y
Joy Ride,2023,Adele Lim,Y,Lolo,Sherry Cola,Y,Chinese,Chinese,American,Chinese,Chinese,,Y
KILL BILL: VOL. 1,2003,Quentin Tarantino,N,Gogo,Chiaki Kuriyama,Y,Japanese,Japanese,,Japanese,Japanese,,Y
KILL BILL: VOL. 1,2003,Quentin Tarantino,N,Hattori Hanzo,Shin'ichi Chiba,Y,Japanese,Japanese,,Japanese,Japanese,,Y
KILL BILL: VOL. 2,2004,Quentin Tarantino,N,Hattori Hanzo,Shin'ichi Chiba,Y,Japanese,Japanese,,Japanese,Japanese,,Y
KILL BILL: VOL. 2,2004,Quentin Tarantino,N,Pai Mei,Chia-Hui Liu,Y,Chinese,Chinese,,Chinese,Chinese,,Y
LEARNING TO DRIVE,2015,Isabel Coixet,N,Darwan,Ben Kingsley,Y,Indian,Indian,Indian,"Indian, White",Multiethnic,British,Y
LION,2016,Garth Davis,N,Guddu,Abhishek Bharate,Y,Indian,Indian,,Indian,Indian,,Y
LION,2016,Garth Davis,N,Kamla,Priyanka Bose,Y,Indian,Indian,,Indian,Indian,,Y
LION,2016,Garth Davis,N,Mantosh Brierley,Divian Ladwa,Y,Indian,Indian,,Indian,Indian,,Y
LION,2016,Garth Davis,N,Mrs Sood,Deepti Naval,Y,Indian,Indian,,Indian,Indian,,Y
LION,2016,Garth Davis,N,Noor,Tannishtha Chatterjee,Y,Indian,Indian,,Indian,Indian,,Y
LION,2016,Garth Davis,N,Saroo Brierley,Dev Patel,Y,Indian,Indian,,Indian,Indian,,Y
LION,2016,Garth Davis,N,Young Saroo Bierley,Sunny Pawar,Y,Indian,Indian,,Indian,Indian,,Y
MEMOIRS OF A GEISHA,2005,Rob Marshall,N,Chairman,Ken Watanabe,Y,Japanese,Japanese,,Japanese,Japanese,,Y
MIDWAY,2019,Roland Emmerich,N,Admiral Nagumo,Tadanobu Asano,Y,Japanese,Japanese,,Japanese,Japanese,,Y
MIDWAY,2019,Roland Emmerich,N,Admiral Yamamoto,Etsushi Toyokawa,Y,Japanese,Japanese,,Japanese,Japanese,,Y
MIDWAY,2019,Roland Emmerich,N,Rear Admiral Tamon Yamaguchi,Jun Kunimura,Y,Japanese,Japanese,,Japanese,Japanese,,Y
MILLION DOLLAR ARM,2014,Craig Gillespie,N,Aash Shah,Aasif Mandvi,Y,Indian,Indian,Indian,Indian,Indian,,Y
MILLION DOLLAR ARM,2014,Craig Gillespie,N,Rinku,Suraj Sharma,Y,Indian,Indian,Indian,Indian,Indian,,Y
Minari,2020,Lee Isaac Chung,Y,Anne,Noel Cho,Y,Korean,Korean,American,Korean,Korean,American,Y
Minari,2020,Lee Isaac Chung,Y,David,Alan Kim,Y,Korean,Korean,American,Korean,Korean,American,Y
Minari,2020,Lee Isaac Chung,Y,Jacob,Steven Yeun,Y,Korean,Korean,American,Korean,Korean,American,Y
Minari,2020,Lee Isaac Chung,Y,Monica,Yeri Han,Y,Korean,Korean,American,Korean,Korean,Korean,Y
Minari,2020,Lee Isaac Chung,Y,Soonja,Yeo-jeong Yoon,Y,Korean,Korean,American,Korean,Korean,Korean,Y
MORTAL KOMBAT,2021,Simon McQuoid,N,Liu Kang,Ludi Lin,Y,Chinese,Chinese,,Chinese,Chinese,,Y
MORTAL KOMBAT,2021,Simon McQuoid,N,Raiden,Tadanobu Asano,Y,Japanese,Japanese,,Japanese,Japanese,,Y
MORTAL KOMBAT,2021,Simon McQuoid,N,Scorpion,Hiroyuki Sanada,Y,Japanese,Japanese,,Japanese,Japanese,,Y
MORTAL KOMBAT,2021,Simon McQuoid,N,Shang Tsung,Chin Han,Y,Chinese,Chinese,,Chinese,Chinese,,Y
MR. NICE GUY,1998,Sammo Hung,Y,Jackie,Jackie Chan,Y,Chinese,Chinese,American,Chinese,Chinese,American,Y
MY NAME IS KHAN,2010,Karan Johar,Y,Mandira,Kajol,Y,Indian,Indian,Indian,Indian,Indian,Indian,Y
MY NAME IS KHAN,2010,Karan Johar,Y,Rizwan Khan,Shah Rukh Khan,Y,Indian,Indian,Indian,Indian,Indian,Indian,Y
NATIONAL LAMPOON'S VAN WILDER: THE RISE OF TAJ,2006,Mort Nathan,N,Taj Mahal Badalandabad,Kal Penn,Y,Indian,Indian,American,Indian,Indian,American,Y
PAST LIVES,2023,Celine Song,Y,Hae Sung,Teo Yoo,Y,Korean,Korean,American,Korean,Korean,German,Y
PAST LIVES,2023,Celine Song,Y,Nora,Greta Lee,Y,Korean,Korean,Korean,Korean,Korean,American,Y
POKEMON DETECTIVE PIKACHU,2019,Rob Letterman,N,Detective Yoshida,Ken Watanabe,Y,Japanese,Japanese,,Japanese,Japanese,,Y
RUSH HOUR,1998,Brett Ratner,N,Lee,Jackie Chan,Y,Chinese,Chinese,Hong Kong,Chinese,Chinese,China,Y
RUSH HOUR 2,2001,Brett Ratner,N,Hu Li,Ziyi Zhang,Y,Chinese,Chinese,Hong Kong,Chinese,Chinese,China,Y
RUSH HOUR 2,2001,Brett Ratner,N,Lee,Jackie Chan,Y,Chinese,Chinese,Hong Kong,Chinese,Chinese,China,Y
RUSH HOUR 2,2001,Brett Ratner,N,Ricky Tan,John Lone,Y,Chinese,Chinese,Hong Kong,Chinese,Chinese,American,Y
RUSH HOUR 3,2007,Brett Ratner,N,Dragon Lady,Youki Kudoh,Y,Japanese,Japanese,,Japanese,Japanese,,Y
RUSH HOUR 3,2007,Brett Ratner,N,Kenji,Hiroyuki Sanada,Y,Japanese,Japanese,,Japanese,Japanese,,Y
RUSH HOUR 3,2007,Brett Ratner,N,Lee,Jackie Chan,Y,Chinese,Chinese,Hong Kong,Chinese,Chinese,China,Y
SEVEN YEARS IN TIBET,1997,Jean-Jacques Annaud,N,Pema Lhaki,Lhakpa Tsamchoe,Y,Tibetan,Tibetan,,Tibetan,Tibetan,,Y
SHANG-CHI AND THE LEGEND OF THE TEN RINGS,2021,Destin Daniel Cretton,Y,Jiang Li,Fala Chen,Y,Chinese,Chinese,,Chinese,Chinese,,Y
SHANG-CHI AND THE LEGEND OF THE TEN RINGS,2021,Destin Daniel Cretton,Y,Jiang Nan,Michelle Yeoh,Y,Chinese,Chinese,,Chinese,Chinese,,Y
SHANG-CHI AND THE LEGEND OF THE TEN RINGS,2021,Destin Daniel Cretton,Y,Katy,Awkwafina,Y,Chinese,Chinese,American,"Chinese, Korean",Multiethnic,American,Y
SHANG-CHI AND THE LEGEND OF THE TEN RINGS,2021,Destin Daniel Cretton,Y,Shang-Chi,Simu Liu,Y,Chinese,Chinese,American,Chinese,Chinese,American,Y
SHANG-CHI AND THE LEGEND OF THE TEN RINGS,2021,Destin Daniel Cretton,Y,Wenwu,Tony Chiu Wai Leung,Y,Chinese,Chinese,,Chinese,Chinese,,Y
SHANG-CHI AND THE LEGEND OF THE TEN RINGS,2021,Destin Daniel Cretton,Y,Wong,Benedict Wong,Y,Chinese,Chinese,,Chinese,Chinese,,Y
SHANG-CHI AND THE LEGEND OF THE TEN RINGS,2021,Destin Daniel Cretton,Y,Xialing,Meng'Er Zhang,Y,Chinese,Chinese,,Chinese,Chinese,,Y
SHANGHAI KNIGHTS,2003,David Dobkin,N,Chon Wang,Jackie Chan,Y,Chinese,Chinese,,Chinese,Chinese,,Y
SHANGHAI KNIGHTS,2003,David Dobkin,N,Wu Chow,Donnie Yen,Y,Chinese,Chinese,,Chinese,Chinese,,Y
SHANGHAI NOON,2000,Tom Dey,N,Chon Wang,Jackie Chan,Y,Chinese,Chinese,,Chinese,Chinese,,Y
SHANGHAI NOON,2000,Tom Dey,N,Princess Pei Pei,Lucy Liu,Y,Chinese,Chinese,,Chinese,Chinese,,Y
SILENCE,2016,Martin Scorsese,N,Interpreter,Tadanobu Asano,Y,Japanese,Japanese,Japanese,Japanese,Japanese,Japanese,Y
SILENCE,2016,Martin Scorsese,N,Mokichi,Shinya Tsukamoto,Y,Japanese,Japanese,Japanese,Japanese,Japanese,Japanese,Y
SKYSCRAPER,2018,Rawson Marshall Thurber,N,Inspector Wu,Byron Mann,Y,Chinese,Chinese,,Chinese,Chinese,,Y
SKYSCRAPER,2018,Rawson Marshall Thurber,N,Xia,Hannah Quinlivan,Y,Chinese,Chinese,,"Chinese, Korean, White",Multiethnic,,Y
SKYSCRAPER,2018,Rawson Marshall Thurber,N,Zhao Long Ji,Chin Han,Y,Chinese,Chinese,,Chinese,Chinese,,Y
SLUMDOG MILLIONAIRE,2008,Danny Boyle,N,Older Jamal,Dev Patel,Y,Indian,Indian,India,Indian,Indian,,Y
SLUMDOG MILLIONAIRE,2008,Danny Boyle,N,Older Latika,Freida Pinto,Y,Indian,Indian,India,Indian,Indian,,Y
SLUMDOG MILLIONAIRE,2008,Danny Boyle,N,Older Salim,Madhur Mittal,Y,Indian,Indian,India,Indian,Indian,,Y
SLUMDOG MILLIONAIRE,2008,Danny Boyle,N,Police Inspector,Irrfan Khan,Y,Indian,Indian,India,Indian,Indian,,Y
SLUMDOG MILLIONAIRE,2008,Danny Boyle,N,Prem,Anil Kapoor,Y,Indian,Indian,India,Indian,Indian,,Y
SPIDER-MAN: NO WAY HOME,2021,John Watts,N,Ned,Jacob Batalon,Y,Filipino,Filipino,American,Filipino,Filipino,America,Y
SUPERCOP,1996,Stanley Tong,Y,Chaibat,Kenneth Tsang,Y,Chinese,Chinese,,Chinese,Chinese,Chinese,Y
SUPERCOP,1996,Stanley Tong,Y,Chief of Security Yang,Michelle Yeoh,Y,Chinese,Chinese,,Chinese,Chinese,Malaysian,Y
SUPERCOP,1996,Stanley Tong,Y,Detective Kevin Chan,Jackie Chan,Y,Chinese,Chinese,,Chinese,Chinese,American,Y
SUPERCOP,1996,Stanley Tong,Y,May,Maggie Cheung,Y,Chinese,Chinese,,Chinese,Chinese,British,Y
SUPERCOP,1996,Stanley Tong,Y,Panther,Wah Yuen,Y,Chinese,Chinese,,Chinese,Chinese,Chinese,Y
THE BIG SICK,2017,Michael Showalter,N,Kumail,Kumail Nanjiani,Y,Pakistani,Pakistani,,Pakistani,Pakistani,,Y
THE BIG SICK,2017,Michael Showalter,N,Naveed,Adeel Akhtar,Y,Pakistani,Pakistani,,"Kenyan, Pakistani",Multiethnic,,Y
THE CHILDREN OF HUANG SHI,2008,Roger Spottiswoode,N,Jack,Chow Yun-Fat,Y,Chinese,Chinese,Chinese,Chinese,Chinese,Chinese,Y
THE CHILDREN OF HUANG SHI,2008,Roger Spottiswoode,N,Mrs. Wang,Michelle Yeoh,Y,Chinese,Chinese,Chinese,Chinese,Chinese,Malaysian,Y
THE FAREWELL,2019,Lulu Wang,Y,Billi,Awkwafina,Y,Chinese,Chinese,American,"Chinese, Korean",Multiethnic,American,Y
THE FAREWELL,2019,Lulu Wang,Y,Haiyan,Tzi Ma,Y,Chinese,Chinese,,Chinese,Chinese,American,Y
THE FAREWELL,2019,Lulu Wang,Y,Jian,Diana Lin,Y,Chinese,Chinese,,Chinese,Chinese,Australian,Y
THE FAREWELL,2019,Lulu Wang,Y,Nai Nai,Zhao Shuzhen,Y,Chinese,Chinese,Chinese,Chinese,Chinese,Chinese,Y
THE FAREWELL,2019,Lulu Wang,Y,Uncle Haibin,Jianguo Yongbo,Y,Chinese,Chinese,Chinese,Chinese,Chinese,Chinese,Y
THE FORBIDDEN KINGDOM,2008,Rob Minkoff,N,Ni Chang,Bingbing Li,Y,Chinese,Chinese,,Chinese,Chinese,,Y
THE FORBIDDEN KINGDOM,2008,Rob Minkoff,N,Old Hop/Lu Yan,Jackie Chan,Y,Chinese,Chinese,,Chinese,Chinese,,Y
THE FORBIDDEN KINGDOM,2008,Rob Minkoff,N,The Jade Warlord,Collin Chou,Y,Chinese,Chinese,,Chinese,Chinese,,Y
THE FORBIDDEN KINGDOM,2008,Rob Minkoff,N,The Monkey King/Silent Monk,Jet Li,Y,Chinese,Chinese,,Chinese,Chinese,,Y
THE FOREIGNER,2017,Martin Campbell,N,Quan,Jackie Chan,Y,Chinese,Chinese,,Chinese,Chinese,,Y
THE GRANDMASTER,2013,Kar Wai Wong,Y,Ding Lianshan,Benshan Zhao,Y,Chinese,Chinese,Chinese,Chinese,Chinese,Chinese,Y
THE GRANDMASTER,2013,Kar Wai Wong,Y,Gong Er,Ziyi Zhang,Y,Chinese,Chinese,Chinese,Chinese,Chinese,Chinese,Y
THE GRANDMASTER,2013,Kar Wai Wong,Y,Ip Man,Tony Chiu Wai Leung,Y,Chinese,Chinese,Chinese,Chinese,Chinese,British,Y
THE GRANDMASTER,2013,Kar Wai Wong,Y,San Jiang Shui,Xiaoshenyang,Y,Chinese,Chinese,Chinese,Chinese,Chinese,Chinese,Y
THE GRANDMASTER,2013,Kar Wai Wong,Y,The Razor Yixiantian,Chang Chen,Y,Chinese,Chinese,Chinese,Chinese,Chinese,Taiwanese,Y
THE INTERVIEW,2013,"Evan Goldberg, Seth Rogen",N,Kim Jung-Un,Randall Park,Y,Korean,Korean,Korean,Korean,Korean,American,Y
THE KARATE KID,2010,Harald Zwart,N,Meiying's Dad,Zhensu Wu,Y,Chinese,Chinese,,Chinese,Chinese,,Y
THE KARATE KID,2010,Harald Zwart,N,Meiying's Mom,Zhiheng Wang,Y,Chinese,Chinese,,Chinese,Chinese,,Y
THE KARATE KID,2010,Harald Zwart,N,Mr. Han,Jackie Chan,Y,Chinese,Chinese,,Chinese,Chinese,,Y
THE LAST SAMURAI,2003,Edward Zwick,N,Katsumoto,Ken Watanabe,Y,Japanese,Japanese,,Japanese,Japanese,,Y
THE LAST SAMURAI,2003,Edward Zwick,N,Taka,Koyuki,Y,Japanese,Japanese,,Japanese,Japanese,,Y
THE LAST SAMURAI,2003,Edward Zwick,N,Ujio,Hiroyuki Sanada,Y,Japanese,Japanese,,Japanese,Japanese,,Y
THE LEGEND OF DRUNKEN MASTER,2000,Chia-Liang Liu,Y,Ling,Anita Mui,Y,Chinese,Chinese,,Chinese,Chinese,,Y
THE LEGEND OF DRUNKEN MASTER,2000,Chia-Liang Liu,Y,Master Fu Wen-Chi,Chia-Liang Liu,Y,Chinese,Chinese,,Chinese,Chinese,,Y
THE LEGEND OF DRUNKEN MASTER,2000,Chia-Liang Liu,Y,Wong Fei-hung,Jackie Chan,Y,Chinese,Chinese,,Chinese,Chinese,American,Y
THE LEGEND OF DRUNKEN MASTER,2000,Chia-Liang Liu,Y,Wong Kei-ying,Ti Lung,Y,Chinese,Chinese,,Chinese,Chinese,,Y
THE MAN WHO KNEW INFINITY,2016,Matt Brown (XIII),N,Janaki,Devika Bhise,Y,Indian,Indian,,Indian,Indian,American,Y
THE MAN WHO KNEW INFINITY,2016,Matt Brown (XIII),N,Srinivasa Ramanujan,Dev Patel,Y,Indian,Indian,,Indian,Indian,American,Y
THE MAN WITH THE IRON FISTS,2012,RZA,N,Chi Chi,Zhu Zhu,Y,Chinese,Chinese,Chinese,Chinese,Chinese,Chinese,Y
THE MAN WITH THE IRON FISTS,2012,RZA,N,Madame Blossom,Lucy Liu,Y,Chinese,Chinese,Chinese,Chinese,Chinese,American,Y
THE MAN WITH THE IRON FISTS,2012,RZA,N,Silver Lion,Byron Mann,Y,Chinese,Chinese,Chinese,Chinese,Chinese,American,Y
THE MEDALLION,2003,Gordon Chan,Y,Eddie Yang,Jackie Chan,Y,Chinese,Chinese,Asian,Chinese,Chinese,American,Y
THE MUMMY: TOMB OF THE DRAGON EMPEROR,2008,Rob Cohen,N,Emperor,Jet Li,Y,Chinese,Chinese,,Chinese,Chinese,,Y
THE MUMMY: TOMB OF THE DRAGON EMPEROR,2008,Rob Cohen,N,General Yang,Anthony Wong,Y,Chinese,Chinese,,"Chinese, White",Multiethnic,,Y
THE MUMMY: TOMB OF THE DRAGON EMPEROR,2008,Rob Cohen,N,Lin,Isabella Leong,Y,Chinese,Chinese,,Chinese,Chinese,,Y
THE MUMMY: TOMB OF THE DRAGON EMPEROR,2008,Rob Cohen,N,Ming Guo,Russell Wong,Y,Chinese,Chinese,,"Chinese, White",Multiethnic,,Y
THE MUMMY: TOMB OF THE DRAGON EMPEROR,2008,Rob Cohen,N,Zi Yuan,Michelle Yeoh,Y,Chinese,Chinese,,Chinese,Chinese,,Y
THE NAMESAKE,2007,Mira Nair,Y,Ashima,Tabu,Y,Indian,Indian,Indian,Indian,Indian,American,Y
THE NAMESAKE,2007,Mira Nair,Y,Ashoke,Irrfan Khan,Y,Indian,Indian,Indian,Indian,Indian,American,Y
THE NAMESAKE,2007,Mira Nair,Y,Gogol/Nikhil,Kal Penn,Y,Indian,Indian,American,Indian,Indian,American,Y
THE NAMESAKE,2007,Mira Nair,Y,Moushumi Mazumder,Zuleikha Robinson,Y,Indian,Indian,American,"Burmese, Indian, White",Multiethnic,British,Y
THE RAILWAY MAN,2012,Jonathan Teplitzky,Y,Nagase,Hiroyuki Sanada,Y,Japanese,Japanese,Japanese,Japanese,Japanese,Japanese,Y
THE RAILWAY MAN,2012,Jonathan Teplitzky,Y,Young Nagase,Tanroh Ishida,Y,Japanese,Japanese,Japanese,Japanese,Japanese,British,Y
THE SECOND BEST EXOTIC MARIGOLD HOTEL,2015,John Madden,N,Sonny Kapoor,Dev Patel,Y,Indian,Indian,,Indian,Indian,,Y
THE SPY NEXT DOOR,2010,Brian Levant,N,Bob Ho,Jackie Chan,Y,Chinese,Chinese,American,Chinese,Chinese,American,Y
THE SUN IS ALSO A STAR,2018,Ry Russo-Young,N,Daniel Bae,Charles Melton,Y,Korean,Korean,American,"Korean, White",Multiethnic,American,Y
THE WOLVERINE,2013,James Mangold,N,Mariko,Tao Okamoto,Y,Japanese,Japanese,,Japanese,Japanese,,Y
THE WOLVERINE,2013,James Mangold,N,Noburo Mori,Brian Tee,Y,Japanese,Japanese,,Japanese,Japanese,,Y
THE WOLVERINE,2013,James Mangold,N,Shingen,Hiroyuki Sanada,Y,Japanese,Japanese,,Japanese,Japanese,,Y
THE WOLVERINE,2013,James Mangold,N,Yashida,Hal Yamanouchi,Y,Japanese,Japanese,,Japanese,Japanese,,Y
THE WOLVERINE,2013,James Mangold,N,Yukio,Rila Fukushima,Y,Japanese,Japanese,,Japanese,Japanese,,Y
TOMORROW NEVER DIES,1997,Roger Spottiswoode,N,Wai Lin,Michelle Yeoh,Y,Chinese,Chinese,China,Chinese,Chinese,Mongolian,Y
TWIN DRAGONS,1999,Ringo Lam,Y,Barbara,Maggie Cheung,Y,Chinese,Chinese,American,Chinese,Chinese,British,Y
TWIN DRAGONS,1999,Ringo Lam,Y,John Ma,Jackie Chan,Y,Chinese,Chinese,American,Chinese,Chinese,American,Y
TWIN DRAGONS,1999,Ringo Lam,Y,Tammy,Nina Li Chi,Y,Chinese,Chinese,American,Chinese,Chinese,Chinese,Y
UMMA,2022,Iris K. Shim,Y,Amanda,Sandra Oh,Y,Korean,Korean,American,Korean,Korean,American,Y
UMMA,2022,Iris K. Shim,Y,Umma,MeeWha Alana lee,Y,Korean,Korean,Korean,Korean,Korean,American,Y
WAR,2007,Philip G Atwell,N,Rogue / Li Chang,Jet Li,Y,Chinese,Chinese,American,Chinese,Chinese,Singapore,Y
