Movie ID,Actor ID,Media,Studio,Box Office,Release Year,Director name,Is the director asian?,Character Name,Actor,Ethnicity Specified in Movie?,Character Ethnicity,Character Ethnicity (Cleaned),Character Nationality,Actor Ethnicity,Actor Ethnicity (Cleaned),Actor Nationality,Background Match?
1,1,GANDHI,International Film Corporation (DEFUNCT),"$51,857,886",1982,Richard Attenborough,N,Mahatma Gandhi,Ben Kingsley,Y,Indian,Indian,,"Indian, White",Multiethnic,,Y
2,2,INDIANA JONES AND THE TEMPLE OF DOOM,Paramount Pictures,"$42,267,353",1984,Steven Spielberg,N,Chattar Lal,Roshan Seth,Y,Indian,Indian,,"Indian, White",Multiethnic,,Y
2,3,INDIANA JONES AND THE TEMPLE OF DOOM,Paramount Pictures,"$42,267,353",1984,Steven Spielberg,N,Mola Ram,Amrish Puri,Y,Indian,Indian,,Indian,Indian,,Y
2,4,INDIANA JONES AND THE TEMPLE OF DOOM,Paramount Pictures,"$42,267,353",1984,Steven Spielberg,N,Short Round,Ke Huy Quan,Y,Chinese,Chinese,,Chinese,Chinese,,Y
3,5,MISSING IN ACTION,Cannon Group (Defunct),"$21,630,009",1984,Joseph Zito,N,General Tran,James Hong,Y,Vietnamese,Vietnamese,Vietnamese,Chinese,Chinese,American,N
4,6,RUSH HOUR,New Line Cinema,"$141,153,692",1998,Brett Ratner,N,Lee,Jackie Chan,Y,Chinese,Chinese,Hong Kong,Chinese,Chinese,China,Y
5,7,TOMORROW NEVER DIES,MGM Studios (DEFUNCT),"$78,609,353",1997,Roger Spottiswoode,N,Wai Lin,Michelle Yeoh,Y,Chinese,Chinese,China,Chinese,Chinese,Mongolian,Y
6,8,SEVEN YEARS IN TIBET,Mandalay Pictures,"$36,110,883",1997,Jean-Jacques Annaud,N,Dalai Lama,Jamyang Jamtsho Wangchuk,Y,Tibetan,Tibetan,,Bhutanese,Bhutanese,,N
6,9,SEVEN YEARS IN TIBET,Mandalay Pictures,"$36,110,883",1997,Jean-Jacques Annaud,N,Great Mother,Jetsun Pema,Y,Tibetan,Tibetan,,Bhutanese,Bhutanese,,N
6,10,SEVEN YEARS IN TIBET,Mandalay Pictures,"$36,110,883",1997,Jean-Jacques Annaud,N,Kungo Tsarong,Mako,Y,Tibetan,Tibetan,,Japanese,Japanese,,N
6,11,SEVEN YEARS IN TIBET,Mandalay Pictures,"$36,110,883",1997,Jean-Jacques Annaud,N,Ngawang Jigme,BD Wong,Y,Tibetan,Tibetan,,Chinese,Chinese,,N
6,12,SEVEN YEARS IN TIBET,Mandalay Pictures,"$36,110,883",1997,Jean-Jacques Annaud,N,Pema Lhaki,Lhakpa Tsamchoe,Y,Tibetan,Tibetan,,Tibetan,Tibetan,,Y
7,13,JOHNNY MNEMONIC,Tristar Pictures,"$18,390,619",1995,Robert Longo,N,Takahashi,Takeshi Kitano,Y,Japanese,Japanese,Japanese,Japanese,Japanese,Japanese,Y
8,14,JACKIE CHAN'S FIRST STRIKE,New Line Cinema,"$13,910,370",1997,Stanley Tong,Y,Chan Ka Kui,Jackie Chan,Y,Chinese,Chinese,Chinese,Chinese,Chinese,American,Y
9,15,SUPERCOP,Dimension Films (DEFUNCT),"$12,655,606",1996,Stanley Tong,Y,Chaibat,Kenneth Tsang,Y,Chinese,Chinese,,Chinese,Chinese,Chinese,Y
9,16,SUPERCOP,Dimension Films (DEFUNCT),"$12,655,606",1996,Stanley Tong,Y,Chief of Security Yang,Michelle Yeoh,Y,Chinese,Chinese,,Chinese,Chinese,Malaysian,Y
9,17,SUPERCOP,Dimension Films (DEFUNCT),"$12,655,606",1996,Stanley Tong,Y,Detective Kevin Chan,Jackie Chan,Y,Chinese,Chinese,,Chinese,Chinese,American,Y
9,18,SUPERCOP,Dimension Films (DEFUNCT),"$12,655,606",1996,Stanley Tong,Y,May,Maggie Cheung,Y,Chinese,Chinese,,Chinese,Chinese,British,Y
9,19,SUPERCOP,Dimension Films (DEFUNCT),"$12,655,606",1996,Stanley Tong,Y,Panther,Wah Yuen,Y,Chinese,Chinese,,Chinese,Chinese,Chinese,Y
10,20,MR. NICE GUY,New Line Cinema,"$9,303,970",1998,Sammo Hung,Y,Jackie,Jackie Chan,Y,Chinese,Chinese,American,Chinese,Chinese,American,Y
11,21,TWIN DRAGONS,Dimension Films (DEFUNCT),"$8,332,435",1999,Ringo Lam,Y,Barbara,Maggie Cheung,Y,Chinese,Chinese,American,Chinese,Chinese,British,Y
11,22,TWIN DRAGONS,Dimension Films (DEFUNCT),"$8,332,435",1999,Ringo Lam,Y,John Ma,Jackie Chan,Y,Chinese,Chinese,American,Chinese,Chinese,American,Y
11,23,TWIN DRAGONS,Dimension Films (DEFUNCT),"$8,332,435",1999,Ringo Lam,Y,Tammy,Nina Li Chi,Y,Chinese,Chinese,American,Chinese,Chinese,Chinese,Y
12,24,RUSH HOUR 2,New Line Cinema,"$226,138,462",2001,Brett Ratner,N,Hu Li,Ziyi Zhang,Y,Chinese,Chinese,Hong Kong,Chinese,Chinese,China,Y
12,25,RUSH HOUR 2,New Line Cinema,"$226,138,462",2001,Brett Ratner,N,Lee,Jackie Chan,Y,Chinese,Chinese,Hong Kong,Chinese,Chinese,China,Y
12,26,RUSH HOUR 2,New Line Cinema,"$226,138,462",2001,Brett Ratner,N,Ricky Tan,John Lone,Y,Chinese,Chinese,Hong Kong,Chinese,Chinese,American,Y
13,27,SLUMDOG MILLIONAIRE,Searchlight Pictures,"$141,319,933",2008,Danny Boyle,N,Older Jamal,Dev Patel,Y,Indian,Indian,India,Indian,Indian,,Y
13,28,SLUMDOG MILLIONAIRE,Searchlight Pictures,"$141,319,933",2008,Danny Boyle,N,Older Latika,Freida Pinto,Y,Indian,Indian,India,Indian,Indian,,Y
13,29,SLUMDOG MILLIONAIRE,Searchlight Pictures,"$141,319,933",2008,Danny Boyle,N,Older Salim,Madhur Mittal,Y,Indian,Indian,India,Indian,Indian,,Y
13,30,SLUMDOG MILLIONAIRE,Searchlight Pictures,"$141,319,933",2008,Danny Boyle,N,Police Inspector,Irrfan Khan,Y,Indian,Indian,India,Indian,Indian,,Y
13,31,SLUMDOG MILLIONAIRE,Searchlight Pictures,"$141,319,933",2008,Danny Boyle,N,Prem,Anil Kapoor,Y,Indian,Indian,India,Indian,Indian,,Y
14,32,RUSH HOUR 3,New Line Cinema,"$140,125,969",2007,Brett Ratner,N,Dragon Lady,Youki Kudoh,Y,Japanese,Japanese,,Japanese,Japanese,,Y
14,33,RUSH HOUR 3,New Line Cinema,"$140,125,969",2007,Brett Ratner,N,Kenji,Hiroyuki Sanada,Y,Japanese,Japanese,,Japanese,Japanese,,Y
14,34,RUSH HOUR 3,New Line Cinema,"$140,125,969",2007,Brett Ratner,N,Lee,Jackie Chan,Y,Chinese,Chinese,Hong Kong,Chinese,Chinese,China,Y
15,35,"CROUCHING TIGER, HIDDEN DRAGON",EDKO Films Ltd.,"$128,026,808",2000,Ang Lee,Y,Jen Yu,Ziyi Zhang,Y,Chinese,Chinese,,Chinese,Chinese,,Y
15,36,"CROUCHING TIGER, HIDDEN DRAGON",EDKO Films Ltd.,"$128,026,808",2000,Ang Lee,Y,Lo Dark Cloud,Chang Chen,Y,Chinese,Chinese,,Chinese,Chinese,,Y
15,37,"CROUCHING TIGER, HIDDEN DRAGON",EDKO Films Ltd.,"$128,026,808",2000,Ang Lee,Y,Master Li Mu Bai,Chow Yun-Fat,Y,Chinese,Chinese,,Chinese,Chinese,,Y
15,38,"CROUCHING TIGER, HIDDEN DRAGON",EDKO Films Ltd.,"$128,026,808",2000,Ang Lee,Y,Yu Shu Lien,Michelle Yeoh,Y,Chinese,Chinese,,Chinese,Chinese,,Y
16,39,THE LAST SAMURAI,Warner Bros. Pictures,"$111,127,272",2003,Edward Zwick,N,Katsumoto,Ken Watanabe,Y,Japanese,Japanese,,Japanese,Japanese,,Y
16,40,THE LAST SAMURAI,Warner Bros. Pictures,"$111,127,272",2003,Edward Zwick,N,Taka,Koyuki,Y,Japanese,Japanese,,Japanese,Japanese,,Y
16,41,THE LAST SAMURAI,Warner Bros. Pictures,"$111,127,272",2003,Edward Zwick,N,Ujio,Hiroyuki Sanada,Y,Japanese,Japanese,,Japanese,Japanese,,Y
17,42,THE MUMMY: TOMB OF THE DRAGON EMPEROR,Universal Pictures,"$102,277,515",2008,Rob Cohen,N,Emperor,Jet Li,Y,Chinese,Chinese,,Chinese,Chinese,,Y
17,43,THE MUMMY: TOMB OF THE DRAGON EMPEROR,Universal Pictures,"$102,277,515",2008,Rob Cohen,N,General Yang,Anthony Wong,Y,Chinese,Chinese,,"Chinese, White",Multiethnic,,Y
17,44,THE MUMMY: TOMB OF THE DRAGON EMPEROR,Universal Pictures,"$102,277,515",2008,Rob Cohen,N,Lin,Isabella Leong,Y,Chinese,Chinese,,Chinese,Chinese,,Y
17,45,THE MUMMY: TOMB OF THE DRAGON EMPEROR,Universal Pictures,"$102,277,515",2008,Rob Cohen,N,Ming Guo,Russell Wong,Y,Chinese,Chinese,,"Chinese, White",Multiethnic,,Y
17,46,THE MUMMY: TOMB OF THE DRAGON EMPEROR,Universal Pictures,"$102,277,515",2008,Rob Cohen,N,Zi Yuan,Michelle Yeoh,Y,Chinese,Chinese,,Chinese,Chinese,,Y
18,47,KILL BILL: VOL. 1,Miramax,"$70,099,046",2003,Quentin Tarantino,N,O-Ren Ishii,Lucy Liu,Y,Japanese,Japanese,,Chinese,Chinese,,N
18,48,KILL BILL: VOL. 1,Miramax,"$70,099,046",2003,Quentin Tarantino,N,Gogo,Chiaki Kuriyama,Y,Japanese,Japanese,,Japanese,Japanese,,Y
18,49,KILL BILL: VOL. 1,Miramax,"$70,099,046",2003,Quentin Tarantino,N,Hattori Hanzo,Shin'ichi Chiba,Y,Japanese,Japanese,,Japanese,Japanese,,Y
19,50,KILL BILL: VOL. 2,Miramax,"$66,208,190",2004,Quentin Tarantino,N,Johnny Mo,Chia-Hui Liu,Y,Japanese,Japanese,,Chinese,Chinese,,N
19,51,KILL BILL: VOL. 2,Miramax,"$66,208,190",2004,Quentin Tarantino,N,O-Ren Ishii,Lucy Liu,Y,Japanese,Japanese,,Chinese,Chinese,,N
19,52,KILL BILL: VOL. 2,Miramax,"$66,208,190",2004,Quentin Tarantino,N,Hattori Hanzo,Shin'ichi Chiba,Y,Japanese,Japanese,,Japanese,Japanese,,Y
19,53,KILL BILL: VOL. 2,Miramax,"$66,208,190",2004,Quentin Tarantino,N,Pai Mei,Chia-Hui Liu,Y,Chinese,Chinese,,Chinese,Chinese,,Y
20,54,SHANGHAI KNIGHTS,The Walt Disney Studios,"$60,476,874",2003,David Dobkin,N,Chon Wang,Jackie Chan,Y,Chinese,Chinese,,Chinese,Chinese,,Y
20,55,SHANGHAI KNIGHTS,The Walt Disney Studios,"$60,476,874",2003,David Dobkin,N,Wu Chow,Donnie Yen,Y,Chinese,Chinese,,Chinese,Chinese,,Y
21,56,MEMOIRS OF A GEISHA,Columbia Pictures,"$57,010,862",2005,Rob Marshall,N,Hatsumomo,Gong Li,Y,Japanese,Japanese,,Chinese,Chinese,,N
21,57,MEMOIRS OF A GEISHA,Columbia Pictures,"$57,010,862",2005,Rob Marshall,N,Mameha,Michelle Yeoh,Y,Japanese,Japanese,,Chinese,Chinese,,N
21,58,MEMOIRS OF A GEISHA,Columbia Pictures,"$57,010,862",2005,Rob Marshall,N,Sayuri,Ziyi Zhang,Y,Japanese,Japanese,,Chinese,Chinese,,N
21,59,MEMOIRS OF A GEISHA,Columbia Pictures,"$57,010,862",2005,Rob Marshall,N,Chairman,Ken Watanabe,Y,Japanese,Japanese,,Japanese,Japanese,,Y
22,60,SHANGHAI NOON,The Walt Disney Studios,"$56,902,720",2000,Tom Dey,N,Chon Wang,Jackie Chan,Y,Chinese,Chinese,,Chinese,Chinese,,Y
22,61,SHANGHAI NOON,The Walt Disney Studios,"$56,902,720",2000,Tom Dey,N,Princess Pei Pei,Lucy Liu,Y,Chinese,Chinese,,Chinese,Chinese,,Y
23,62,THE FORBIDDEN KINGDOM,Lionsgate,"$52,075,278",2008,Rob Minkoff,N,Ni Chang,Bingbing Li,Y,Chinese,Chinese,,Chinese,Chinese,,Y
23,63,THE FORBIDDEN KINGDOM,Lionsgate,"$52,075,278",2008,Rob Minkoff,N,Old Hop/Lu Yan,Jackie Chan,Y,Chinese,Chinese,,Chinese,Chinese,,Y
23,64,THE FORBIDDEN KINGDOM,Lionsgate,"$52,075,278",2008,Rob Minkoff,N,The Jade Warlord,Collin Chou,Y,Chinese,Chinese,,Chinese,Chinese,,Y
23,65,THE FORBIDDEN KINGDOM,Lionsgate,"$52,075,278",2008,Rob Minkoff,N,The Monkey King/Silent Monk,Jet Li,Y,Chinese,Chinese,,Chinese,Chinese,,Y
24,66,BEND IT LIKE BECKHAM,Searchlight Pictures,"$32,543,457",2003,Gurinder Chadha,Y,Jess' Bhamra,Archie Panjabi,Y,Indian,Indian,,Indian,Indian,UK,Y
24,67,BEND IT LIKE BECKHAM,Searchlight Pictures,"$32,543,457",2003,Gurinder Chadha,Y,Mr. Bhamra,Anupam Kher,Y,Indian,Indian,,Indian,Indian,,Y
24,68,BEND IT LIKE BECKHAM,Searchlight Pictures,"$32,543,457",2003,Gurinder Chadha,Y,Pinky Bhamra,Parminder Nagra,Y,Indian,Indian,,Indian,Indian,,Y
25,69,AROUND THE WORLD IN 80 DAYS,The Walt Disney Studios,"$24,008,146",2004,Frank Coraci,N,Lau Xing,Jackie Chan,Y,Chinese,Chinese,Chinese,Chinese,Chinese,American,Y
26,70,WAR,Lionsgate,"$22,486,415",2007,Philip G Atwell,N,Rogue / Li Chang,Jet Li,Y,Chinese,Chinese,American,Chinese,Chinese,Singapore,Y
27,71,THE MEDALLION,Screen Gems,"$22,119,984",2003,Gordon Chan,Y,Eddie Yang,Jackie Chan,Y,Chinese,Chinese,Asian,Chinese,Chinese,American,Y
28,72,IRON MONKEY,,"$14,681,670",2001,Woo Ping Yuen,Y,Wong Kei-Ying,Donnie Yen,Y,Chinese,Chinese,,Chinese,Chinese,Chinese,Y
29,73,THE NAMESAKE,Searchlight Pictures,"$13,569,255",2007,Mira Nair,Y,Ashima,Tabu,Y,Indian,Indian,Indian,Indian,Indian,American,Y
29,74,THE NAMESAKE,Searchlight Pictures,"$13,569,255",2007,Mira Nair,Y,Ashoke,Irrfan Khan,Y,Indian,Indian,Indian,Indian,Indian,American,Y
29,75,THE NAMESAKE,Searchlight Pictures,"$13,569,255",2007,Mira Nair,Y,Gogol/Nikhil,Kal Penn,Y,Indian,Indian,American,Indian,Indian,American,Y
29,76,THE NAMESAKE,Searchlight Pictures,"$13,569,255",2007,Mira Nair,Y,Moushumi Mazumder,Zuleikha Robinson,Y,Indian,Indian,American,"Burmese, Indian, White",Multiethnic,British,Y
30,77,THE LEGEND OF DRUNKEN MASTER,Golden Harvest Company,"$11,546,544",2000,Chia-Liang Liu,Y,Ling,Anita Mui,Y,Chinese,Chinese,,Chinese,Chinese,,Y
30,78,THE LEGEND OF DRUNKEN MASTER,Golden Harvest Company,"$11,546,544",2000,Chia-Liang Liu,Y,Master Fu Wen-Chi,Chia-Liang Liu,Y,Chinese,Chinese,,Chinese,Chinese,,Y
30,79,THE LEGEND OF DRUNKEN MASTER,Golden Harvest Company,"$11,546,544",2000,Chia-Liang Liu,Y,Wong Fei-hung,Jackie Chan,Y,Chinese,Chinese,,Chinese,Chinese,American,Y
30,80,THE LEGEND OF DRUNKEN MASTER,Golden Harvest Company,"$11,546,544",2000,Chia-Liang Liu,Y,Wong Kei-ying,Ti Lung,Y,Chinese,Chinese,,Chinese,Chinese,,Y
31,81,HOUSE OF FLYING DAGGERS,EDKO Films Ltd.,"$8,238,008",2004,Yimou Zhang,Y,Jin,Takeshi Kaneshiro,Y,Chinese,Chinese,Chinese,"Chinese, Japanese",Multiethnic,Taiwan,Y
31,82,HOUSE OF FLYING DAGGERS,EDKO Films Ltd.,"$8,238,008",2004,Yimou Zhang,Y,Leo,Andy Lau,Y,Chinese,Chinese,Chinese,Chinese,Chinese,Chinese,Y
31,83,HOUSE OF FLYING DAGGERS,EDKO Films Ltd.,"$8,238,008",2004,Yimou Zhang,Y,Xiao Mei,Ziyi Zhang,Y,Chinese,Chinese,Chinese,Chinese,Chinese,Chinese,Y
32,84,AMERICAN DREAMZ,Universal Pictures,"$7,191,832",2006,Paul Weitz,N,Iqbal Riza,Winter Jones (Tony Yalda),Y,Iraqi,Iraqi,,Assyrian,Assyrian,American,N
32,85,AMERICAN DREAMZ,Universal Pictures,"$7,191,832",2006,Paul Weitz,N,Omer Obeidi,Sam Golzari,Y,Iraqi,Iraqi,,Iranian,Iranian,British,N
33,86,NATIONAL LAMPOON'S VAN WILDER: THE RISE OF TAJ,MGM Studios (DEFUNCT),"$4,261,359",2006,Mort Nathan,N,Taj Mahal Badalandabad,Kal Penn,Y,Indian,Indian,American,Indian,Indian,American,Y
34,87,2046,Paradis Films,"$1,444,592",2005,Kar Wai Wong,Y,Bai Ling,Ziyi Zhang,Y,Chinese,Chinese,Chinese,Chinese,Chinese,Chinese,Y
34,88,2046,Paradis Films,"$1,444,592",2005,Kar Wai Wong,Y,Chow Mo-wan,Tony Chiu Wai Leung,Y,Chinese,Chinese,Chinese,Chinese,Chinese,Chinese,Y
34,89,2046,Paradis Films,"$1,444,592",2005,Kar Wai Wong,Y,Lulu,Carina Lau,Y,Chinese,Chinese,Chinese,Chinese,Chinese,Chinese,Y
34,90,2046,Paradis Films,"$1,444,592",2005,Kar Wai Wong,Y,Mimi's Boyfriend,Chang Chen,Y,Chinese,Chinese,Chinese,Chinese,Chinese,Taiwanese,Y
34,91,2046,Paradis Films,"$1,444,592",2005,Kar Wai Wong,Y,Su Li-zhen,Gong Li,Y,Chinese,Chinese,Chinese,Chinese,Chinese,Chinese,Y
34,92,2046,Paradis Films,"$1,444,592",2005,Kar Wai Wong,Y,Su Li-zhen,Maggie Cheung,Y,Chinese,Chinese,Chinese,Chinese,Chinese,British,Y
34,93,2046,Paradis Films,"$1,444,592",2005,Kar Wai Wong,Y,Tak,Takuya Kimura,Y,Japanese,Japanese,Japanese,Japanese,Japanese,Japanese,Y
34,94,2046,Paradis Films,"$1,444,592",2005,Kar Wai Wong,Y,Wang Jing-wen,Faye Wong,Y,Chinese,Chinese,Chinese,Chinese,Chinese,Chinese,Y
35,95,THE CHILDREN OF HUANG SHI,Bluewater Pictures PTY Ltd. (DEFUNCT),"$1,031,873",2008,Roger Spottiswoode,N,Jack,Chow Yun-Fat,Y,Chinese,Chinese,Chinese,Chinese,Chinese,Chinese,Y
35,96,THE CHILDREN OF HUANG SHI,Bluewater Pictures PTY Ltd. (DEFUNCT),"$1,031,873",2008,Roger Spottiswoode,N,Mrs. Wang,Michelle Yeoh,Y,Chinese,Chinese,Chinese,Chinese,Chinese,Malaysian,Y
36,97,THE KARATE KID,Columbia Pictures,"$176,591,622",2010,Harald Zwart,N,Meiying's Dad,Zhensu Wu,Y,Chinese,Chinese,,Chinese,Chinese,,Y
36,98,THE KARATE KID,Columbia Pictures,"$176,591,622",2010,Harald Zwart,N,Meiying's Mom,Zhiheng Wang,Y,Chinese,Chinese,,Chinese,Chinese,,Y
36,99,THE KARATE KID,Columbia Pictures,"$176,591,622",2010,Harald Zwart,N,Mr. Han,Jackie Chan,Y,Chinese,Chinese,,Chinese,Chinese,,Y
37,100,CRAZY RICH ASIANS,Warner Bros. Pictures,"$174,052,665",2018,Jon M. Chu,Y,Goh Wye Mun,Ken Jeong,Y,Chinese,Chinese,Singaporean,Korean,Korean,American,N
37,101,CRAZY RICH ASIANS,Warner Bros. Pictures,"$174,052,665",2018,Jon M. Chu,Y,Nick Young,Henry Golding,Y,Chinese,Chinese,Singaporean,"Malaysian, White",Multiethnic,British,N
37,102,CRAZY RICH ASIANS,Warner Bros. Pictures,"$174,052,665",2018,Jon M. Chu,Y,Ah Ma,Lisa Lu,Y,Chinese,Chinese,Singaporean,Chinese,Chinese,American,Y
37,103,CRAZY RICH ASIANS,Warner Bros. Pictures,"$174,052,665",2018,Jon M. Chu,Y,Astrid Young Teo,Gemma Chan,Y,Chinese,Chinese,Singaporean,Chinese,Chinese,British,Y
37,104,CRAZY RICH ASIANS,Warner Bros. Pictures,"$174,052,665",2018,Jon M. Chu,Y,Eleanor Young,Michelle Yeoh,Y,Chinese,Chinese,Singaporean,Chinese,Chinese,Malaysian,Y
37,105,CRAZY RICH ASIANS,Warner Bros. Pictures,"$174,052,665",2018,Jon M. Chu,Y,Peik Lin Goh,Awkwafina,Y,Chinese,Chinese,Singaporean,"Chinese, Korean",Multiethnic,American,Y
37,106,CRAZY RICH ASIANS,Warner Bros. Pictures,"$174,052,665",2018,Jon M. Chu,Y,Rachel Chu,Constance Wu,Y,Chinese,Chinese,American,Chinese,Chinese,American,Y
38,107,POKEMON DETECTIVE PIKACHU,Warner Bros. Pictures,"$144,105,355",2019,Rob Letterman,N,Detective Yoshida,Ken Watanabe,Y,Japanese,Japanese,,Japanese,Japanese,,Y
39,108,THE WOLVERINE,20th Century Studios,"$132,556,859",2013,James Mangold,N,Harada,Will Yun Lee,Y,Japanese,Japanese,,Korean,Korean,,N
39,109,THE WOLVERINE,20th Century Studios,"$132,556,859",2013,James Mangold,N,Mariko,Tao Okamoto,Y,Japanese,Japanese,,Japanese,Japanese,,Y
39,110,THE WOLVERINE,20th Century Studios,"$132,556,859",2013,James Mangold,N,Noburo Mori,Brian Tee,Y,Japanese,Japanese,,Japanese,Japanese,,Y
39,111,THE WOLVERINE,20th Century Studios,"$132,556,859",2013,James Mangold,N,Shingen,Hiroyuki Sanada,Y,Japanese,Japanese,,Japanese,Japanese,,Y
39,112,THE WOLVERINE,20th Century Studios,"$132,556,859",2013,James Mangold,N,Yashida,Hal Yamanouchi,Y,Japanese,Japanese,,Japanese,Japanese,,Y
39,113,THE WOLVERINE,20th Century Studios,"$132,556,859",2013,James Mangold,N,Yukio,Rila Fukushima,Y,Japanese,Japanese,,Japanese,Japanese,,Y
40,114,SKYSCRAPER,Legendary Entertainment,"$67,796,360",2018,Rawson Marshall Thurber,N,Inspector Wu,Byron Mann,Y,Chinese,Chinese,,Chinese,Chinese,,Y
40,115,SKYSCRAPER,Legendary Entertainment,"$67,796,360",2018,Rawson Marshall Thurber,N,Xia,Hannah Quinlivan,Y,Chinese,Chinese,,"Chinese, Korean, White",Multiethnic,,Y
40,116,SKYSCRAPER,Legendary Entertainment,"$67,796,360",2018,Rawson Marshall Thurber,N,Zhao Long Ji,Chin Han,Y,Chinese,Chinese,,Chinese,Chinese,,Y
41,117,MIDWAY,Ruyi Films,"$56,846,811",2019,Roland Emmerich,N,Admiral Nagumo,Tadanobu Asano,Y,Japanese,Japanese,,Japanese,Japanese,,Y
41,118,MIDWAY,Ruyi Films,"$56,846,811",2019,Roland Emmerich,N,Admiral Yamamoto,Etsushi Toyokawa,Y,Japanese,Japanese,,Japanese,Japanese,,Y
41,119,MIDWAY,Ruyi Films,"$56,846,811",2019,Roland Emmerich,N,Rear Admiral Tamon Yamaguchi,Jun Kunimura,Y,Japanese,Japanese,,Japanese,Japanese,,Y
42,120,LION,The Weinstein Company (DEFUNCT),"$51,738,911",2016,Garth Davis,N,Guddu,Abhishek Bharate,Y,Indian,Indian,,Indian,Indian,,Y
42,121,LION,The Weinstein Company (DEFUNCT),"$51,738,911",2016,Garth Davis,N,Kamla,Priyanka Bose,Y,Indian,Indian,,Indian,Indian,,Y
42,122,LION,The Weinstein Company (DEFUNCT),"$51,738,911",2016,Garth Davis,N,Mantosh Brierley,Divian Ladwa,Y,Indian,Indian,,Indian,Indian,,Y
42,123,LION,The Weinstein Company (DEFUNCT),"$51,738,911",2016,Garth Davis,N,Mrs Sood,Deepti Naval,Y,Indian,Indian,,Indian,Indian,,Y
42,124,LION,The Weinstein Company (DEFUNCT),"$51,738,911",2016,Garth Davis,N,Noor,Tannishtha Chatterjee,Y,Indian,Indian,,Indian,Indian,,Y
42,125,LION,The Weinstein Company (DEFUNCT),"$51,738,911",2016,Garth Davis,N,Saroo Brierley,Dev Patel,Y,Indian,Indian,,Indian,Indian,,Y
42,126,LION,The Weinstein Company (DEFUNCT),"$51,738,911",2016,Garth Davis,N,Young Saroo Bierley,Sunny Pawar,Y,Indian,Indian,,Indian,Indian,,Y
43,127,THE BIG SICK,FilmNation Entertainment,"$42,873,134",2017,Michael Showalter,N,Azmat,Anupam Kher,Y,Pakistani,Pakistani,,Indian,Indian,,N
43,128,THE BIG SICK,FilmNation Entertainment,"$42,873,134",2017,Michael Showalter,N,Sharmeen,Zenobia Shroff,Y,Pakistani,Pakistani,,Indian,Indian,,N
43,129,THE BIG SICK,FilmNation Entertainment,"$42,873,134",2017,Michael Showalter,N,Kumail,Kumail Nanjiani,Y,Pakistani,Pakistani,,Pakistani,Pakistani,,Y
43,130,THE BIG SICK,FilmNation Entertainment,"$42,873,134",2017,Michael Showalter,N,Naveed,Adeel Akhtar,Y,Pakistani,Pakistani,,"Kenyan, Pakistani",Multiethnic,,Y
44,131,47 RONIN,Universal Pictures,"$38,362,481",2013,Carl Eric Rinsch,N,Kai,Keanu Reeves,Y,"Japanese, White",Multiethnic,,"Chinese, Native Hawaiian, White",Multiethnic,,N
44,132,47 RONIN,Universal Pictures,"$38,362,481",2013,Carl Eric Rinsch,N,Lady Mizuki,Rinko Kikuchi,Y,Japanese,Japanese,,Japanese,Japanese,,Y
44,133,47 RONIN,Universal Pictures,"$38,362,481",2013,Carl Eric Rinsch,N,Lord Kira,Tadanobu Asano,Y,Japanese,Japanese,,Japanese,Japanese,,Y
44,134,47 RONIN,Universal Pictures,"$38,362,481",2013,Carl Eric Rinsch,N,Mika,Ko Shibasaki,Y,Japanese,Japanese,,Japanese,Japanese,,Y
44,135,47 RONIN,Universal Pictures,"$38,362,481",2013,Carl Eric Rinsch,N,Oishi,Hiroyuki Sanada,Y,Japanese,Japanese,,Japanese,Japanese,,Y
45,136,MILLION DOLLAR ARM,The Walt Disney Studios,"$36,457,632",2014,Craig Gillespie,N,Aash Shah,Aasif Mandvi,Y,Indian,Indian,Indian,Indian,Indian,,Y
45,137,MILLION DOLLAR ARM,The Walt Disney Studios,"$36,457,632",2014,Craig Gillespie,N,Rinku,Suraj Sharma,Y,Indian,Indian,Indian,Indian,Indian,,Y
46,138,THE FOREIGNER,STXfilms,"$34,393,516",2017,Martin Campbell,N,Quan,Jackie Chan,Y,Chinese,Chinese,,Chinese,Chinese,,Y
47,139,THE SECOND BEST EXOTIC MARIGOLD HOTEL,Searchlight Pictures,"$33,078,271",2015,John Madden,N,Sonny Kapoor,Dev Patel,Y,Indian,Indian,,Indian,Indian,,Y
48,140,DOWNSIZING,Paramount Pictures,"$24,449,763",2017,Alexander Payne,N,Ngoc Lan Tran,Hong Chau,Y,Vietnamese,Vietnamese,Vietnamese,Vietnamese,Vietnamese,Thailand/American,Y
49,141,THE SPY NEXT DOOR,Relativity Media LLC,"$24,307,094",2010,Brian Levant,N,Bob Ho,Jackie Chan,Y,Chinese,Chinese,American,Chinese,Chinese,American,Y
50,142,THE FAREWELL,Depth Of Field Productions,"$17,695,784",2019,Lulu Wang,Y,Billi,Awkwafina,Y,Chinese,Chinese,American,"Chinese, Korean",Multiethnic,American,Y
50,143,THE FAREWELL,Depth Of Field Productions,"$17,695,784",2019,Lulu Wang,Y,Haiyan,Tzi Ma,Y,Chinese,Chinese,,Chinese,Chinese,American,Y
50,144,THE FAREWELL,Depth Of Field Productions,"$17,695,784",2019,Lulu Wang,Y,Jian,Diana Lin,Y,Chinese,Chinese,,Chinese,Chinese,Australian,Y
50,145,THE FAREWELL,Depth Of Field Productions,"$17,695,784",2019,Lulu Wang,Y,Nai Nai,Zhao Shuzhen,Y,Chinese,Chinese,Chinese,Chinese,Chinese,Chinese,Y
50,146,THE FAREWELL,Depth Of Field Productions,"$17,695,784",2019,Lulu Wang,Y,Uncle Haibin,Jianguo Yongbo,Y,Chinese,Chinese,Chinese,Chinese,Chinese,Chinese,Y
51,147,THE MAN WITH THE IRON FISTS,Universal Pictures,"$15,634,097",2012,RZA,N,Bronze Lion,Cung Le,Y,Chinese,Chinese,Chinese,Vietnamese,Vietnamese,American,N
51,148,THE MAN WITH THE IRON FISTS,Universal Pictures,"$15,634,097",2012,RZA,N,Lady Silk,Jamie Chung,Y,Chinese,Chinese,Chinese,Korean,Korean,American,N
51,149,THE MAN WITH THE IRON FISTS,Universal Pictures,"$15,634,097",2012,RZA,N,X-Blade,Rick Yune,Y,Chinese,Chinese,Chinese,Korean,Korean,American,N
51,150,THE MAN WITH THE IRON FISTS,Universal Pictures,"$15,634,097",2012,RZA,N,Chi Chi,Zhu Zhu,Y,Chinese,Chinese,Chinese,Chinese,Chinese,Chinese,Y
51,151,THE MAN WITH THE IRON FISTS,Universal Pictures,"$15,634,097",2012,RZA,N,Madame Blossom,Lucy Liu,Y,Chinese,Chinese,Chinese,Chinese,Chinese,American,Y
51,152,THE MAN WITH THE IRON FISTS,Universal Pictures,"$15,634,097",2012,RZA,N,Silver Lion,Byron Mann,Y,Chinese,Chinese,Chinese,Chinese,Chinese,American,Y
52,153,HOTEL MUMBAI,Screen Australia,"$9,651,617",2019,Anthony Maras,N,Arjun,Dev Patel,Y,Indian,Indian,Indian,Indian,Indian,American,Y
52,154,HOTEL MUMBAI,Screen Australia,"$9,651,617",2019,Anthony Maras,N,Hemant Oberoi,Anupam Kher,Y,Indian,Indian,Indian,Indian,Indian,Indian,Y
52,155,HOTEL MUMBAI,Screen Australia,"$9,651,617",2019,Anthony Maras,N,Zahra,Nazanin Boniadi,Y,Iranian,Iranian,British,Iranian,Iranian,Iranian,Y
53,156,SILENCE,Paramount Pictures,"$7,100,183",2016,Martin Scorsese,N,Interpreter,Tadanobu Asano,Y,Japanese,Japanese,Japanese,Japanese,Japanese,Japanese,Y
53,157,SILENCE,Paramount Pictures,"$7,100,183",2016,Martin Scorsese,N,Mokichi,Shinya Tsukamoto,Y,Japanese,Japanese,Japanese,Japanese,Japanese,Japanese,Y
54,158,THE GRANDMASTER,The Weinstein Company (DEFUNCT),"$6,594,968",2013,Kar Wai Wong,Y,Zhang Yongcheng,Hye-kyo Song,Y,Chinese,Chinese,Chinese,Korean,Korean,Korean,N
54,159,THE GRANDMASTER,The Weinstein Company (DEFUNCT),"$6,594,968",2013,Kar Wai Wong,Y,Ding Lianshan,Benshan Zhao,Y,Chinese,Chinese,Chinese,Chinese,Chinese,Chinese,Y
54,160,THE GRANDMASTER,The Weinstein Company (DEFUNCT),"$6,594,968",2013,Kar Wai Wong,Y,Gong Er,Ziyi Zhang,Y,Chinese,Chinese,Chinese,Chinese,Chinese,Chinese,Y
54,161,THE GRANDMASTER,The Weinstein Company (DEFUNCT),"$6,594,968",2013,Kar Wai Wong,Y,Ip Man,Tony Chiu Wai Leung,Y,Chinese,Chinese,Chinese,Chinese,Chinese,British,Y
54,162,THE GRANDMASTER,The Weinstein Company (DEFUNCT),"$6,594,968",2013,Kar Wai Wong,Y,San Jiang Shui,Xiaoshenyang,Y,Chinese,Chinese,Chinese,Chinese,Chinese,Chinese,Y
54,163,THE GRANDMASTER,The Weinstein Company (DEFUNCT),"$6,594,968",2013,Kar Wai Wong,Y,The Razor Yixiantian,Chang Chen,Y,Chinese,Chinese,Chinese,Chinese,Chinese,Taiwanese,Y
55,164,THE INTERVIEW,Columbia Pictures,"$6,105,183",2013,"Evan Goldberg, Seth Rogen",N,Kim Jung-Un,Randall Park,Y,Korean,Korean,Korean,Korean,Korean,American,Y
56,165,THE SUN IS ALSO A STAR,Warner Bros. Pictures,"$4,950,034",2018,Ry Russo-Young,N,Daniel Bae,Charles Melton,Y,Korean,Korean,American,"Korean, White",Multiethnic,American,Y
57,166,THE RAILWAY MAN,Lionsgate U.K.,"$4,438,447",2012,Jonathan Teplitzky,Y,Nagase,Hiroyuki Sanada,Y,Japanese,Japanese,Japanese,Japanese,Japanese,Japanese,Y
57,167,THE RAILWAY MAN,Lionsgate U.K.,"$4,438,447",2012,Jonathan Teplitzky,Y,Young Nagase,Tanroh Ishida,Y,Japanese,Japanese,Japanese,Japanese,Japanese,British,Y
58,168,A HOLOGRAM FOR THE KING,Playtone,"$4,212,501",2016,Tom Tykwer,N,Yousef,Omar Elba,Y,Saudi Arabian,Saudi Arabian,Saudi Arabian,Egyptian,Egyptian,American,N
58,169,A HOLOGRAM FOR THE KING,Playtone,"$4,212,501",2016,Tom Tykwer,N,Zahra,Sarita Choudhury,Y,Saudi Arabian,Saudi Arabian,Saudi Arabian,"Bengali, White",Multiethnic,British,N
59,170,MY NAME IS KHAN,Dharma Productions,"$4,018,780",2010,Karan Johar,Y,Mandira,Kajol,Y,Indian,Indian,Indian,Indian,Indian,Indian,Y
59,171,MY NAME IS KHAN,Dharma Productions,"$4,018,780",2010,Karan Johar,Y,Rizwan Khan,Shah Rukh Khan,Y,Indian,Indian,Indian,Indian,Indian,Indian,Y
60,172,THE MAN WHO KNEW INFINITY,Pressman Film,"$3,866,803",2016,Matt Brown (XIII),N,Janaki,Devika Bhise,Y,Indian,Indian,,Indian,Indian,American,Y
60,173,THE MAN WHO KNEW INFINITY,Pressman Film,"$3,866,803",2016,Matt Brown (XIII),N,Srinivasa Ramanujan,Dev Patel,Y,Indian,Indian,,Indian,Indian,American,Y
61,174,LEARNING TO DRIVE,Broad Green Pictures (DEFUNCT),"$3,447,641",2015,Isabel Coixet,N,Darwan,Ben Kingsley,Y,Indian,Indian,Indian,"Indian, White",Multiethnic,British,Y
62,175,SPIDER-MAN: NO WAY HOME,Columbia Pictures,"$804,793,482",2021,John Watts,N,Ned,Jacob Batalon,Y,Filipino,Filipino,American,Filipino,Filipino,America,Y
63,176,SHANG-CHI AND THE LEGEND OF THE TEN RINGS,The Walt Disney Studios,"$224,543,301",2021,Destin Daniel Cretton,Y,Jiang Li,Fala Chen,Y,Chinese,Chinese,,Chinese,Chinese,,Y
63,177,SHANG-CHI AND THE LEGEND OF THE TEN RINGS,The Walt Disney Studios,"$224,543,301",2021,Destin Daniel Cretton,Y,Jiang Nan,Michelle Yeoh,Y,Chinese,Chinese,,Chinese,Chinese,,Y
63,178,SHANG-CHI AND THE LEGEND OF THE TEN RINGS,The Walt Disney Studios,"$224,543,301",2021,Destin Daniel Cretton,Y,Katy,Awkwafina,Y,Chinese,Chinese,American,"Chinese, Korean",Multiethnic,American,Y
63,179,SHANG-CHI AND THE LEGEND OF THE TEN RINGS,The Walt Disney Studios,"$224,543,301",2021,Destin Daniel Cretton,Y,Shang-Chi,Simu Liu,Y,Chinese,Chinese,American,Chinese,Chinese,American,Y
63,180,SHANG-CHI AND THE LEGEND OF THE TEN RINGS,The Walt Disney Studios,"$224,543,301",2021,Destin Daniel Cretton,Y,Wenwu,Tony Chiu Wai Leung,Y,Chinese,Chinese,,Chinese,Chinese,,Y
63,181,SHANG-CHI AND THE LEGEND OF THE TEN RINGS,The Walt Disney Studios,"$224,543,301",2021,Destin Daniel Cretton,Y,Wong,Benedict Wong,Y,Chinese,Chinese,,Chinese,Chinese,,Y
63,182,SHANG-CHI AND THE LEGEND OF THE TEN RINGS,The Walt Disney Studios,"$224,543,301",2021,Destin Daniel Cretton,Y,Xialing,Meng'Er Zhang,Y,Chinese,Chinese,,Chinese,Chinese,,Y
64,183,ETERNALS,The Walt Disney Studios,"$164,870,240",2021,Chloé Zhao,Y,Kingo,Kumail Nanjiani,Y,Indian,Indian,,Pakistani,Pakistani,,N
64,184,ETERNALS,The Walt Disney Studios,"$164,870,240",2021,Chloé Zhao,Y,Karun,Harish Patel,Y,Indian,Indian,,Indian,Indian,,Y
65,185,BULLET TRAIN,Columbia Pictures,"$103,368,605",2022,David Leitch,N,Elder,Hiroyuki Sanada,Y,Japanese,Japanese,,Japanese,Japanese,,Y
65,186,BULLET TRAIN,Columbia Pictures,"$103,368,605",2022,David Leitch,N,Kimura,Andrew Koji,Y,Japanese,Japanese,,"Japanese, White",Multiethnic,,Y
66,187,EVERYTHING EVERYWHERE ALL AT ONCE,A24,"$77,191,789",2022,"Daniel Kwan, Daniel Scheinert",Y,Evelyn Wang,Michelle Yeoh,Y,Chinese,Chinese,American,Chinese,Chinese,Malaysian,Y
66,188,EVERYTHING EVERYWHERE ALL AT ONCE,A24,"$77,191,789",2022,"Daniel Kwan, Daniel Scheinert",Y,Gong Gong,James Hong,Y,Chinese,Chinese,American,Chinese,Chinese,American,Y
66,189,EVERYTHING EVERYWHERE ALL AT ONCE,A24,"$77,191,789",2022,"Daniel Kwan, Daniel Scheinert",Y,Joy Wang,Stephanie Hsu,Y,Chinese,Chinese,American,Chinese,Chinese,American,Y
66,190,EVERYTHING EVERYWHERE ALL AT ONCE,A24,"$77,191,789",2022,"Daniel Kwan, Daniel Scheinert",Y,Waymond Wang,Ke Huy Quan,Y,Chinese,Chinese,American,Chinese,Chinese,American,Y
67,191,MORTAL KOMBAT,New Line Cinema,"$42,201,014",2021,Simon McQuoid,N,Sub-Zero,Joe Taslim,Y,Japanese,Japanese,,Indonesian,Indonesian,,N
67,192,MORTAL KOMBAT,New Line Cinema,"$42,201,014",2021,Simon McQuoid,N,Liu Kang,Ludi Lin,Y,Chinese,Chinese,,Chinese,Chinese,,Y
67,193,MORTAL KOMBAT,New Line Cinema,"$42,201,014",2021,Simon McQuoid,N,Raiden,Tadanobu Asano,Y,Japanese,Japanese,,Japanese,Japanese,,Y
67,194,MORTAL KOMBAT,New Line Cinema,"$42,201,014",2021,Simon McQuoid,N,Scorpion,Hiroyuki Sanada,Y,Japanese,Japanese,,Japanese,Japanese,,Y
67,195,MORTAL KOMBAT,New Line Cinema,"$42,201,014",2021,Simon McQuoid,N,Shang Tsung,Chin Han,Y,Chinese,Chinese,,Chinese,Chinese,,Y
68,196,EASTER SUNDAY,DreamWorks Pictures,"$13,013,697",2022,Jay Chandrasekhar,Y,Eugene,Eugene Cordero,Y,Filipino,Filipino,American,Filipino,Filipino,American,Y
68,197,EASTER SUNDAY,DreamWorks Pictures,"$13,013,697",2022,Jay Chandrasekhar,Y,Joe Valencia,Jo Koy,Y,Filipino,Filipino,American,"Filipino, White",Multiethnic,American,Y
68,198,EASTER SUNDAY,DreamWorks Pictures,"$13,013,697",2022,Jay Chandrasekhar,Y,Junior,Brandon Wardell,Y,Filipino,Filipino,American,"Filipino, Hispanic",Multiethnic,American,Y
68,199,EASTER SUNDAY,DreamWorks Pictures,"$13,013,697",2022,Jay Chandrasekhar,Y,Tita Theresa,Tia Carrere,Y,Filipino,Filipino,American,"Chinese, Filipino, Spanish",Multiethnic,American,Y
70,200,PAST LIVES,A24,"$11,331,991",2023,Celine Song,Y,Hae Sung,Teo Yoo,Y,Korean,Korean,American,Korean,Korean,German,Y
70,201,PAST LIVES,A24,"$11,331,991",2023,Celine Song,Y,Nora,Greta Lee,Y,Korean,Korean,Korean,Korean,Korean,American,Y
71,202,Minari,Plan B Entertainment,"$3,110,586",2020,Lee Isaac Chung,Y,Anne,Noel Cho,Y,Korean,Korean,American,Korean,Korean,American,Y
71,203,Minari,Plan B Entertainment,"$3,110,586",2020,Lee Isaac Chung,Y,David,Alan Kim,Y,Korean,Korean,American,Korean,Korean,American,Y
71,204,Minari,Plan B Entertainment,"$3,110,586",2020,Lee Isaac Chung,Y,Jacob,Steven Yeun,Y,Korean,Korean,American,Korean,Korean,American,Y
71,205,Minari,Plan B Entertainment,"$3,110,586",2020,Lee Isaac Chung,Y,Monica,Yeri Han,Y,Korean,Korean,American,Korean,Korean,Korean,Y
71,206,Minari,Plan B Entertainment,"$3,110,586",2020,Lee Isaac Chung,Y,Soonja,Yeo-jeong Yoon,Y,Korean,Korean,American,Korean,Korean,Korean,Y
71,207,Joy Ride,Lionsgate,"$12,897,797",2023,Adele Lim,Y,Audrey,Ashley Park III,Y,Korean,Korean,American,Korean,Korean,,Y
71,208,Joy Ride,Lionsgate,"$12,897,797",2023,Adele Lim,Y,Deadeye,Sabrina Wu,Y,Chinese,Chinese,American,Chinese,Chinese,,Y
71,209,Joy Ride,Lionsgate,"$12,897,797",2023,Adele Lim,Y,Kat,Stephanie Hsu,Y,Chinese,Chinese,American,Chinese,Chinese,,Y
71,210,Joy Ride,Lionsgate,"$12,897,797",2023,Adele Lim,Y,Lolo,Sherry Cola,Y,Chinese,Chinese,American,Chinese,Chinese,,Y
72,211,UMMA,Stage 6 Films,"$2,121,034",2022,Iris K. Shim,Y,Amanda,Sandra Oh,Y,Korean,Korean,American,Korean,Korean,American,Y
72,212,UMMA,Stage 6 Films,"$2,121,034",2022,Iris K. Shim,Y,Umma,MeeWha Alana lee,Y,Korean,Korean,Korean,Korean,Korean,American,Y
